source,target,type,weight
Sabremesh,Ok-Imagination-2308,reply,1
Far-Somewhere-1366,Puzzled-Animator-738,reply,1
Far-Somewhere-1366,Sabremesh,reply,1
Far-Somewhere-1366,AxeRudeBell,reply,1
AutoModerator,Reasonable_Mess_3327,reply,1
AutoModerator,jdhmdo,reply,1
AutoModerator,Fuzzy-Arm-6016,reply,1
AutoModerator,FutureisAsian,reply,1
AutoModerator,Far-Somewhere-1366,reply,1
abovaveragefox,FutureisAsian,reply,1
nelbar,FutureisAsian,reply,1
OldManDan20,FutureisAsian,reply,1
RobertLeeSwagger,FutureisAsian,reply,1
ABmodeling,FutureisAsian,reply,1
Screech-,FutureisAsian,reply,1
madhousechild,FutureisAsian,reply,1
dethquatch,FutureisAsian,reply,1
JRM34,FutureisAsian,reply,1
TPMJB,FutureisAsian,reply,1
Adventures_in_living,FutureisAsian,reply,1
IndicaHouseofCards,FutureisAsian,reply,1
Own-Pressure4018,FutureisAsian,reply,1
Alasbabylon103,FutureisAsian,reply,1
tendrloin_aristocrat,FutureisAsian,reply,1
Nov_XxX,FutureisAsian,reply,1
manifestYOdreams,FutureisAsian,reply,1
LordOFtheNoldor,FutureisAsian,reply,1
Exact-Face5535,FutureisAsian,reply,1
Crowbar1127,FutureisAsian,reply,1
kuriouskittyn,FutureisAsian,reply,1
forgotmypassword778,FutureisAsian,reply,1
Granite66,FutureisAsian,reply,1
DOOM_Enthusiast,FutureisAsian,reply,1
1RonnieMund,FutureisAsian,reply,1
Yeahmanbro22,FutureisAsian,reply,1
Nuuskurkoer,FutureisAsian,reply,1
Nuuskurkoer,Sabremesh,reply,1
companion_2_the_wind,FutureisAsian,reply,1
companion_2_the_wind,Sabremesh,reply,1
Zomblovr,FutureisAsian,reply,1
SatanNukeThem,FutureisAsian,reply,1
dafer18,FutureisAsian,reply,1
Delinquent_,FutureisAsian,reply,1
GenerationZ3RO,FutureisAsian,reply,1
nomadofwaves,FutureisAsian,reply,1
AvenTiumn,FutureisAsian,reply,1
PastOtherwise8719,FutureisAsian,reply,1
imboringaskmeanythin,FutureisAsian,reply,1
Digital_Rick,FutureisAsian,reply,1
scud121,FutureisAsian,reply,1
281at2am,FutureisAsian,reply,1
Zealousideal-Poem-24,FutureisAsian,reply,1
Henderson72,FutureisAsian,reply,1
Consciousness_Expand,FutureisAsian,reply,1
Digital-Latte,FutureisAsian,reply,1
grimeydimes,FutureisAsian,reply,1
Jessandthecity,FutureisAsian,reply,1
ordinator2008,FutureisAsian,reply,1
DehydratedCantolope,FutureisAsian,reply,1
sean_incali,FutureisAsian,reply,1
RamblinRod_PDX,FutureisAsian,reply,1
Brekkuskogur,FutureisAsian,reply,1
quiannazaetz,FutureisAsian,reply,1
justsomeguy_why,FutureisAsian,reply,1
FlabbyShabby,FutureisAsian,reply,1
Prestigious-Studio30,FutureisAsian,reply,1
Kdaisy2003,FutureisAsian,reply,1
Orangutan,FutureisAsian,reply,1
Orangutan,Sabremesh,reply,1
MBeMine,FutureisAsian,reply,1
seenunseen,FutureisAsian,reply,1
MegaWorldAdventure,FutureisAsian,reply,1
fanfarius,FutureisAsian,reply,1
Oakwood2317,FutureisAsian,reply,1
Lerianis001,FutureisAsian,reply,1
cngfan,FutureisAsian,reply,1
Peter5930,FutureisAsian,reply,1
Holinhong,FutureisAsian,reply,1
Muteb,FutureisAsian,reply,1
Sero_Nys,FutureisAsian,reply,1
mOfN81,FutureisAsian,reply,1
mikramero,FutureisAsian,reply,1
angstfishyy,FutureisAsian,reply,1
GiorgioOrwelli,FutureisAsian,reply,1
djkoch66,FutureisAsian,reply,1
Hefforama,FutureisAsian,reply,1
gtrackster,FutureisAsian,reply,1
TheTrompler,FutureisAsian,reply,1
PBR21,FutureisAsian,reply,1
AllOfStarDustAllFor1,FutureisAsian,reply,1
rhex1,Sabremesh,reply,1
quecosa,Sabremesh,reply,1
meme_kat,Sabremesh,reply,1
TheCronster,Sabremesh,reply,1
sHaDowpUpPetxxx,Sabremesh,reply,1
Inlovewithmysidechik,Sabremesh,reply,1
Super_Buy_6243,Sabremesh,reply,1
hilljc,Sabremesh,reply,1
uusernameunknown,Sabremesh,reply,1
QisJimWatkins,Sabremesh,reply,1
PrognosticatorShadow,Sabremesh,reply,1
AFbeardguy,Sabremesh,reply,1
PlanB_pedofile,Sabremesh,reply,1
Wavycapmurphy,Sabremesh,reply,1
amazonkevin,Sabremesh,reply,1
girouxc,Sabremesh,reply,1
Swawks,Sabremesh,reply,1
Breakfastamateur,Sabremesh,reply,1
tfiggs,Sabremesh,reply,1
moeronSCamp,Sabremesh,reply,1
TeeZeeRC,FuzzyBumFluff,reply,1
TeeZeeRC,Frownywise,reply,1
TeeZeeRC,Sabremesh,reply,1
fiero444,Sabremesh,reply,1
spaceboy42069,Sabremesh,reply,1
Parking_Meater,Sabremesh,reply,1
AdmirableRow7304,Sabremesh,reply,1
freshseedsown,Sabremesh,reply,1
MysteriousTBird,Sabremesh,reply,1
Chillbruh469,Sabremesh,reply,1
miziidris,Sabremesh,reply,1
truthesda,Sabremesh,reply,1
Iakobab,Sabremesh,reply,1
frankrizzo1,Sabremesh,reply,1
The1andonlycano,Sabremesh,reply,1
Grandmaster_Flash-,Sabremesh,reply,1
intothevoid--,Sabremesh,reply,1
Hunterscrackpipe2,Sabremesh,reply,1
the_green_grundle,Sabremesh,reply,1
fisticuntz,Sabremesh,reply,1
Tetsuiga,Sabremesh,reply,1
Great_Handkerchief,Sabremesh,reply,1
Zxphenomenalxz,Sabremesh,reply,1
Haunting_Quote2277,Sabremesh,reply,1
Hoz85,Sabremesh,reply,1
GallopingFlicka,Sabremesh,reply,1
JoeyDiazcocksuckas,Sabremesh,reply,1
ClarityofSignal,Sabremesh,reply,1
danny12beje,Sabremesh,reply,1
Hipster_Troll29,Sabremesh,reply,1
2uxGlAapnsFLb,Sabremesh,reply,1
Trick_Context2587,Sabremesh,reply,1
blueskiesatwar,Sabremesh,reply,1
ThreeLittlePuigs,Sabremesh,reply,1
AStarRiver,Sabremesh,reply,1
s0lesearching117,Sabremesh,reply,1
languid_flower,Sabremesh,reply,1
FatTony707,Sabremesh,reply,1
Fallen_Angel_69,Sabremesh,reply,1
zesty1989,Sabremesh,reply,1
americanjerky,Far-Somewhere-1366,reply,1
Puzzled-Animator-738,Far-Somewhere-1366,reply,1
Kirstencast,Far-Somewhere-1366,reply,1
olliethegoldsmith,Far-Somewhere-1366,reply,1
loyalladyloves,Far-Somewhere-1366,reply,1
ringopendragon,Far-Somewhere-1366,reply,1
FuzzyBumFluff,Far-Somewhere-1366,reply,1
FruitFlavor12,Far-Somewhere-1366,reply,1
yell0w8,Far-Somewhere-1366,reply,1
Settlemente,Far-Somewhere-1366,reply,1
Frownywise,Far-Somewhere-1366,reply,1
Fragrant-Progress-32,Far-Somewhere-1366,reply,1
f50c13t1,Far-Somewhere-1366,reply,1
Dardanelles5,Far-Somewhere-1366,reply,1
Retrofire-Pink,Far-Somewhere-1366,reply,1
AxeRudeBell,Far-Somewhere-1366,reply,1
Gloomy-Ad1171,Far-Somewhere-1366,reply,1
Morriseysucksass,Far-Somewhere-1366,reply,1
rgursk1,Far-Somewhere-1366,reply,1
FrumiousShuckyDuck,Far-Somewhere-1366,reply,1
ianmoone1102,Far-Somewhere-1366,reply,1
PurpedUpPat,Far-Somewhere-1366,reply,1
sydneydad,Far-Somewhere-1366,reply,1
Major-Opportunity-83,Far-Somewhere-1366,reply,1
Stizur,Far-Somewhere-1366,reply,1
dartonite,Far-Somewhere-1366,reply,1
alienrefugee51,Far-Somewhere-1366,reply,1
yeet_bbq,Far-Somewhere-1366,reply,1
komisarz_barszczyk,Far-Somewhere-1366,reply,1
final60,Far-Somewhere-1366,reply,1
Ridiculous_Death,Far-Somewhere-1366,reply,1
Misha315,Far-Somewhere-1366,reply,1
Ironic_iceberg_69,Far-Somewhere-1366,reply,1
michaeljd500,Far-Somewhere-1366,reply,1
Newgripper1221,Far-Somewhere-1366,reply,1
dpkelly87,Far-Somewhere-1366,reply,1
Enlighten_YourMind,Far-Somewhere-1366,reply,1
Xacebop,Far-Somewhere-1366,reply,1
Koankey,Far-Somewhere-1366,reply,1
ChrisNomad,Far-Somewhere-1366,reply,1
YoMammaSoThin,Far-Somewhere-1366,reply,1
Penny_the_Guinea_Pig,Kirstencast,reply,1
Penny_the_Guinea_Pig,Far-Somewhere-1366,reply,1
ern117,Far-Somewhere-1366,reply,1
SowTheSeeds,americanjerky,reply,1
WhiskeyStr8Up,americanjerky,reply,1
time4line,Puzzled-Animator-738,reply,1
EnragedButterfly,Puzzled-Animator-738,reply,1
rejuvinatez,Puzzled-Animator-738,reply,1
TJC00per,Puzzled-Animator-738,reply,1
briskwalked,Kirstencast,reply,1
Beat-It-Jacket,Kirstencast,reply,1
YogiTheBear131,olliethegoldsmith,reply,1
ShaniquaSoros,olliethegoldsmith,reply,1
SageEquallingHeaven,olliethegoldsmith,reply,1
sensiblestan,olliethegoldsmith,reply,1
mrbezlington,olliethegoldsmith,reply,1
DementedV,olliethegoldsmith,reply,1
mistercrinkles,olliethegoldsmith,reply,1
Administrative-Ebb9,olliethegoldsmith,reply,1
Mighty_L_LORT,olliethegoldsmith,reply,1
Mighty_L_LORT,ThEpOwErOfLoVe23,reply,1
ccrom,olliethegoldsmith,reply,1
bigburt-,Far-Somewhere-1366,reply,1
_jukmifgguggh,Far-Somewhere-1366,reply,1
Apart_Number_2792,loyalladyloves,reply,1
Fit-Meet-4068,FuzzyBumFluff,reply,1
nevergonnasaythat,Frownywise,reply,1
KapteeniJ,f50c13t1,reply,1
RandomGogo,f50c13t1,reply,1
JimBobHeller,Retrofire-Pink,reply,1
VerticalRadius,FrumiousShuckyDuck,reply,1
didnotsub,PurpedUpPat,reply,1
LBeany,Major-Opportunity-83,reply,1
Mandala1069,jdhmdo,reply,1
BandwagonEffect,jdhmdo,reply,1
DifferentAd4862,jdhmdo,reply,1
Administrative_Suit7,jdhmdo,reply,1
MukdenMan,jdhmdo,reply,1
mister4string,jdhmdo,reply,1
SmallKing,jdhmdo,reply,1
Absorbent_Towel,jdhmdo,reply,1
Meatgardener,jdhmdo,reply,1
Dabadoi,jdhmdo,reply,1
Impressive_Jaguar_70,jdhmdo,reply,1
Yusuke___Urameshi,jdhmdo,reply,1
Captainirishy,jdhmdo,reply,1
series_hybrid,jdhmdo,reply,1
Dudeus-Maximus,jdhmdo,reply,1
SussyLama,jdhmdo,reply,1
Pepe_Jonez,jdhmdo,reply,1
_RDaneelOlivaw_,jdhmdo,reply,1
Arsis82,jdhmdo,reply,1
scepticalbob,jdhmdo,reply,1
HiCZoK,jdhmdo,reply,1
SkankyG,jdhmdo,reply,1
The--Picard,jdhmdo,reply,1
daygloviking,jdhmdo,reply,1
AnonFJG,jdhmdo,reply,1
jabedoben,jdhmdo,reply,1
EthanIndigo,jdhmdo,reply,1
EthanIndigo,Reasonable_Mess_3327,reply,1
madm8dave,jdhmdo,reply,1
SubstantialBody6611,jdhmdo,reply,1
Justda,jdhmdo,reply,1
Fit_Cash8904,jdhmdo,reply,1
Kali_eats_vegetables,jdhmdo,reply,1
SamuraiCook,jdhmdo,reply,1
Colleen987,jdhmdo,reply,1
RealSpookySounds,jdhmdo,reply,1
literally_himmler1,jdhmdo,reply,1
RemyRifkinKills,jdhmdo,reply,1
Attention_Bear_Fuckr,jdhmdo,reply,1
yelloamerikan,jdhmdo,reply,1
seventwiztid,jdhmdo,reply,1
Sluibeli,jdhmdo,reply,1
seacco,jdhmdo,reply,1
Silcox,jdhmdo,reply,1
Polack597,jdhmdo,reply,1
Rich_Emu199,jdhmdo,reply,1
PestTerrier,jdhmdo,reply,1
Jnoles07,jdhmdo,reply,1
sam007700,jdhmdo,reply,1
BootScootNBoogie22,jdhmdo,reply,1
yobabimamafavr8ninja,jdhmdo,reply,1
THEWALLOMAN,jdhmdo,reply,1
LemonMintHookah,jdhmdo,reply,1
Fearless-Guest-8105,jdhmdo,reply,1
NONKOSHER007,jdhmdo,reply,1
Ill_Photograph_876,jdhmdo,reply,1
T12J7M6,jdhmdo,reply,1
kevlarbuns,jdhmdo,reply,1
ryencool,jdhmdo,reply,1
ArasakaHRdepartment,jdhmdo,reply,1
Able-Ad3506,jdhmdo,reply,1
fryamtheeggguy,jdhmdo,reply,1
dipshit_,jdhmdo,reply,1
identicalBadger,jdhmdo,reply,1
MrGreyPaint,jdhmdo,reply,1
delaydude,jdhmdo,reply,1
WhnWlltnd,jdhmdo,reply,1
Gal_Axy,jdhmdo,reply,1
ManyTimesCanceled,jdhmdo,reply,1
Livelong2106,jdhmdo,reply,1
Steveo1208,jdhmdo,reply,1
TobyADev,jdhmdo,reply,1
Ceiling_tile,jdhmdo,reply,1
powerd461,jdhmdo,reply,1
shibui_,jdhmdo,reply,1
Practical-State-5019,jdhmdo,reply,1
Hoxton,jdhmdo,reply,1
Hoxton,Reasonable_Mess_3327,reply,1
kirmm3la,jdhmdo,reply,1
Lord_Enlil,jdhmdo,reply,1
jzxjzxjzx,jdhmdo,reply,1
eaterofw0r1ds,jdhmdo,reply,1
Iamjimmym,jdhmdo,reply,1
VersaceDreamssss,jdhmdo,reply,1
bendangs,jdhmdo,reply,1
stereoscopic_,jdhmdo,reply,1
reddfoxx5800,jdhmdo,reply,1
Shaharlazaad,jdhmdo,reply,1
DemonicBrit1993,jdhmdo,reply,1
PieOhMyVengence,jdhmdo,reply,1
80worf80,Fuzzy-Arm-6016,reply,1
1-2-ManyTimes,Ok-Imagination-2308,reply,1
1-2-ManyTimes,Fuzzy-Arm-6016,reply,1
markiemark112,Fuzzy-Arm-6016,reply,1
soggybiscuit93,Fuzzy-Arm-6016,reply,1
seattle_exile,Fuzzy-Arm-6016,reply,1
Engelbert_Slaptyback,Fuzzy-Arm-6016,reply,1
buffetts_daddy,Fuzzy-Arm-6016,reply,1
OurHonor1870,Fuzzy-Arm-6016,reply,1
WallyDangerfield,Fuzzy-Arm-6016,reply,1
Rebeldinho,Fuzzy-Arm-6016,reply,1
No-Truth3802,Fuzzy-Arm-6016,reply,1
acideath,Fuzzy-Arm-6016,reply,1
DerpyMistake,Fuzzy-Arm-6016,reply,1
Charming_Figure_9053,Fuzzy-Arm-6016,reply,1
digitallydrifted,Fuzzy-Arm-6016,reply,1
jamasha,Fuzzy-Arm-6016,reply,1
EnvoyOfEnmity,Fuzzy-Arm-6016,reply,1
OneDonkeyPunchMan,Fuzzy-Arm-6016,reply,1
the_catylyst,Fuzzy-Arm-6016,reply,1
Dr-Crobar,Fuzzy-Arm-6016,reply,1
magenta_placenta,Reasonable_Mess_3327,reply,1
magenta_placenta,Fuzzy-Arm-6016,reply,1
littleweapon1,Fuzzy-Arm-6016,reply,1
ogbundleofsticks,Fuzzy-Arm-6016,reply,1
prOboomer,Fuzzy-Arm-6016,reply,1
TornadoEF5,Fuzzy-Arm-6016,reply,1
KileyCW,Fuzzy-Arm-6016,reply,1
LetsAutomateIt,Fuzzy-Arm-6016,reply,1
Jason4hees,Fuzzy-Arm-6016,reply,1
spyd3rweb,Fuzzy-Arm-6016,reply,1
StarkDiamond,Fuzzy-Arm-6016,reply,1
BrotherGrub1,Fuzzy-Arm-6016,reply,1
Astro3840,Fuzzy-Arm-6016,reply,1
NickT300,seattle_exile,reply,1
NickT300,Fuzzy-Arm-6016,reply,1
Excellent_Plant1667,Fuzzy-Arm-6016,reply,1
Gaeleng,Fuzzy-Arm-6016,reply,1
codysonne,Fuzzy-Arm-6016,reply,1
HiveMindKing,Fuzzy-Arm-6016,reply,1
XxNoResolutionxX,Fuzzy-Arm-6016,reply,1
Dull_Ad5852,Fuzzy-Arm-6016,reply,1
kiwisrkool,Fuzzy-Arm-6016,reply,1
VonGryzz,digitallydrifted,reply,1
VonGryzz,Fuzzy-Arm-6016,reply,1
MC_B_Lovin,Fuzzy-Arm-6016,reply,1
ollietron3,Fuzzy-Arm-6016,reply,1
fortmacjack99,Fuzzy-Arm-6016,reply,1
Prestigious-Log-7210,Fuzzy-Arm-6016,reply,1
unscleric,Fuzzy-Arm-6016,reply,1
gubodif,Fuzzy-Arm-6016,reply,1
challenja,Fuzzy-Arm-6016,reply,1
zviwkls,Fuzzy-Arm-6016,reply,1
Excellent-Night-8127,Fuzzy-Arm-6016,reply,1
BasedAlbania,Fuzzy-Arm-6016,reply,1
Yorgonemarsonb,80worf80,reply,1
Yorgonemarsonb,seattle_exile,reply,1
stupidnicks,80worf80,reply,1
CarpetRacer,DerpyMistake,reply,1
CarpetRacer,acideath,reply,1
f_k_a_g_n,soggybiscuit93,reply,1
Impolioid,seattle_exile,reply,1
King-Owl-House,seattle_exile,reply,1
sq66,seattle_exile,reply,1
Flexbucket,seattle_exile,reply,1
H00dRatShit,Engelbert_Slaptyback,reply,1
HamiltonFAI,Engelbert_Slaptyback,reply,1
vetPatriot72,OurHonor1870,reply,1
OldHabitsB_Gone,OurHonor1870,reply,1
OldHabitsB_Gone,ogbundleofsticks,reply,1
OldHabitsB_Gone,KileyCW,reply,1
Qwertydad1234,OurHonor1870,reply,1
AloyTheN0ra,WallyDangerfield,reply,1
irondumbell,WallyDangerfield,reply,1
JoseSaldana6512,Rebeldinho,reply,1
yourweirdoneighbor,No-Truth3802,reply,1
Careful_Curation,No-Truth3802,reply,1
tarantulagb,Charming_Figure_9053,reply,1
W_Smith-1984,Charming_Figure_9053,reply,1
Gowalkyourdogmods,ogbundleofsticks,reply,1
ROFLQuad,LetsAutomateIt,reply,1
fletku_mato,Ok-Imagination-2308,reply,1
me3r_,Ok-Imagination-2308,reply,1
Defa1t_,Ok-Imagination-2308,reply,1
Dive303,Ok-Imagination-2308,reply,1
FrankCastle498,Ok-Imagination-2308,reply,1
dti86,Ok-Imagination-2308,reply,1
AchuTheLegoAztec,Ok-Imagination-2308,reply,1
jaybaybay509,Ok-Imagination-2308,reply,1
Choice-Necessary3597,Ok-Imagination-2308,reply,1
AgaricX,Ok-Imagination-2308,reply,1
oxheycon,Ok-Imagination-2308,reply,1
coyylol,Ok-Imagination-2308,reply,1
TooSmalley,Ok-Imagination-2308,reply,1
ultrasuperthrowaway,Ok-Imagination-2308,reply,1
RitualDJW,Ok-Imagination-2308,reply,1
erikbryan,Ok-Imagination-2308,reply,1
stewartm0205,Ok-Imagination-2308,reply,1
DarkVoid42,Ok-Imagination-2308,reply,1
CharlieBoxCutter,Ok-Imagination-2308,reply,1
Maleficent-Hunter333,Ok-Imagination-2308,reply,1
sbuck23,Ok-Imagination-2308,reply,1
LordCommando,Ok-Imagination-2308,reply,1
thevoid3000,Ok-Imagination-2308,reply,1
MaxxKar,Ok-Imagination-2308,reply,1
Kipguy,Ok-Imagination-2308,reply,1
DarkProtagonist,Ok-Imagination-2308,reply,1
zenythAlpha,Ok-Imagination-2308,reply,1
elticorico,Ok-Imagination-2308,reply,1
SmylesLee77,Ok-Imagination-2308,reply,1
nzstrawman,Ok-Imagination-2308,reply,1
Antlergoat,Ok-Imagination-2308,reply,1
Chaosr21,Ok-Imagination-2308,reply,1
Koala19042022,Ok-Imagination-2308,reply,1
Carl_Fuckin_Bismarck,Ok-Imagination-2308,reply,1
Hydrologics,Ok-Imagination-2308,reply,1
hodlrus,Ok-Imagination-2308,reply,1
eddicwl,Ok-Imagination-2308,reply,1
Direct-Chipmunk-3259,Ok-Imagination-2308,reply,1
Monketh_Von_Monk,Ok-Imagination-2308,reply,1
Plenty-Green186,Ok-Imagination-2308,reply,1
justed87,Ok-Imagination-2308,reply,1
52fctrl,Ok-Imagination-2308,reply,1
realityexposed,Ok-Imagination-2308,reply,1
rameyjm7,Ok-Imagination-2308,reply,1
Ouraniou,Ok-Imagination-2308,reply,1
RedEditLogin,Ok-Imagination-2308,reply,1
IndependentBoth2831,Ok-Imagination-2308,reply,1
SMPDD,Ok-Imagination-2308,reply,1
impact07,Ok-Imagination-2308,reply,1
Public-Tie-9802,Ok-Imagination-2308,reply,1
Daallee,Ok-Imagination-2308,reply,1
FullyFreakinWoke,Ok-Imagination-2308,reply,1
Que_sax23,Ok-Imagination-2308,reply,1
royal_dump,Ok-Imagination-2308,reply,1
FlarpyBlunderguffs,Ok-Imagination-2308,reply,1
mrstruong,Ok-Imagination-2308,reply,1
Nonamanadus,Ok-Imagination-2308,reply,1
Ram_1979,Ok-Imagination-2308,reply,1
Generallyawkward1,Ok-Imagination-2308,reply,1
Vivid-Ice4175,Ok-Imagination-2308,reply,1
neonhoney77,Ok-Imagination-2308,reply,1
deathhated,Ok-Imagination-2308,reply,1
Warm-Minimum1946,Ok-Imagination-2308,reply,1
junkeee999,Ok-Imagination-2308,reply,1
Helpful-Wolverine-96,Ok-Imagination-2308,reply,1
XLikeChristmas,Ok-Imagination-2308,reply,1
StripedWifebeater,Ok-Imagination-2308,reply,1
kingdrewbie,Ok-Imagination-2308,reply,1
Final-Beginning3300,Ok-Imagination-2308,reply,1
LosBastardos717,Ok-Imagination-2308,reply,1
trevno,Ok-Imagination-2308,reply,1
Max_8470,Ok-Imagination-2308,reply,1
vanillagorrilla23,Ok-Imagination-2308,reply,1
Stevil_Kneivil,Ok-Imagination-2308,reply,1
Dear_Jump_21,Ok-Imagination-2308,reply,1
PresentTip5665,Ok-Imagination-2308,reply,1
JSwerve19,Ok-Imagination-2308,reply,1
bacachew,Ok-Imagination-2308,reply,1
Whtzmyname,Ok-Imagination-2308,reply,1
retal1ator,Reasonable_Mess_3327,reply,1
Pazimov,Reasonable_Mess_3327,reply,1
byzantios3798,Reasonable_Mess_3327,reply,1
schrdingersLitterbox,Reasonable_Mess_3327,reply,1
xirvikman,Reasonable_Mess_3327,reply,1
mj_flowerpower,Reasonable_Mess_3327,reply,1
fearthecrumpets,Reasonable_Mess_3327,reply,1
boozillion151,Reasonable_Mess_3327,reply,1
Downtown-Item-6597,Reasonable_Mess_3327,reply,1
G36,Reasonable_Mess_3327,reply,1
G36,Curi0s1tyCompl3xity,reply,1
Curi0s1tyCompl3xity,Reasonable_Mess_3327,reply,1
Len-Trexler,Reasonable_Mess_3327,reply,1
mrsmcbutter,Reasonable_Mess_3327,reply,1
Jeremiah636,Reasonable_Mess_3327,reply,1
pinner52,Reasonable_Mess_3327,reply,1
qjxj,Reasonable_Mess_3327,reply,1
enragedCircle,Reasonable_Mess_3327,reply,1
imbluedabadedabadam,Reasonable_Mess_3327,reply,1
asmosdeus,Reasonable_Mess_3327,reply,1
PrestigiousEnd8726,Reasonable_Mess_3327,reply,1
donaudelta,Reasonable_Mess_3327,reply,1
calisthenicsmanlun,Reasonable_Mess_3327,reply,1
Exotic-Helicopter474,Reasonable_Mess_3327,reply,1
Divine_Communicator,Reasonable_Mess_3327,reply,1
Megamijuana,Reasonable_Mess_3327,reply,1
Sufficient_Sector702,Reasonable_Mess_3327,reply,1
krafterinho,Reasonable_Mess_3327,reply,1
Existing_Dudarino,Downtown-Item-6597,reply,1
Existing_Dudarino,Reasonable_Mess_3327,reply,1
Existing_Dudarino,xirvikman,reply,1
Own_Accident6689,Reasonable_Mess_3327,reply,1
No-Ruin3761,Reasonable_Mess_3327,reply,1
Tall_Stomach1851,Reasonable_Mess_3327,reply,1
anon_682,Reasonable_Mess_3327,reply,1
Lord_Answer_me_Why,Reasonable_Mess_3327,reply,1
DeliciousGrasshopper,Reasonable_Mess_3327,reply,1
Rubyleaves18,Reasonable_Mess_3327,reply,1
blueboy664,Reasonable_Mess_3327,reply,1
Various_Comment5845,Reasonable_Mess_3327,reply,1
Anxious-Educator617,Reasonable_Mess_3327,reply,1
JuanGone2bed,Reasonable_Mess_3327,reply,1
Outlaw_07,Reasonable_Mess_3327,reply,1
schabadoo,Reasonable_Mess_3327,reply,1
NpOno,Reasonable_Mess_3327,reply,1
FatKonkin,Reasonable_Mess_3327,reply,1
Acidraindancer,Reasonable_Mess_3327,reply,1
The-Dark_Harbinger,Reasonable_Mess_3327,reply,1
The-Dark_Harbinger,Curi0s1tyCompl3xity,reply,1
Shady_Infidel,Reasonable_Mess_3327,reply,1
EtoileVagabonde,Reasonable_Mess_3327,reply,1
Mobile_Anywhere_4784,Reasonable_Mess_3327,reply,1
detcadder,Reasonable_Mess_3327,reply,1
davidfoi,Reasonable_Mess_3327,reply,1
Arkhangelsk94,Reasonable_Mess_3327,reply,1
KaptainKopterr,Reasonable_Mess_3327,reply,1
BigDuoInferno,Reasonable_Mess_3327,reply,1
bruktrukruk,Reasonable_Mess_3327,reply,1
giraffevomitfacts,Reasonable_Mess_3327,reply,1
IllegalBallot,Reasonable_Mess_3327,reply,1
WalkingstickMountain,Reasonable_Mess_3327,reply,1
Sysiphus_Love,Downtown-Item-6597,reply,1
Sysiphus_Love,Reasonable_Mess_3327,reply,1
Sysiphus_Love,byzantios3798,reply,1
Sysiphus_Love,fearthecrumpets,reply,1
GunNut69,retal1ator,reply,1
Thdrgnmstr117,Pazimov,reply,1
mortuus82,byzantios3798,reply,1
Highroller4273,mj_flowerpower,reply,1
Cannibal_Feast,mj_flowerpower,reply,1
hypous,mj_flowerpower,reply,1
RichJob6788,mj_flowerpower,reply,1
AwesumSaurusRex,mj_flowerpower,reply,1
Motor_Assumption_556,mj_flowerpower,reply,1
VicermanX,mj_flowerpower,reply,1
FailedChatBot,fearthecrumpets,reply,1
FACILITATOR44,fearthecrumpets,reply,1
semaj009,fearthecrumpets,reply,1
dukof,Downtown-Item-6597,reply,1
NewStart2023,Downtown-Item-6597,reply,1
AaaanndWrongAgain,Downtown-Item-6597,reply,1
ILSATS,Downtown-Item-6597,reply,1
sschepis,Downtown-Item-6597,reply,1
gcbofficial,Downtown-Item-6597,reply,1
RakeNI,Len-Trexler,reply,1
RouteofAllEvils,Len-Trexler,reply,1
LuckyNumbrKevin,Len-Trexler,reply,1
kyot0scape,Reasonable_Mess_3327,reply,1
kyot0scape,BrokenGBAX,reply,1
theoreoman,Reasonable_Mess_3327,reply,1
_pondering_insomniac,Reasonable_Mess_3327,reply,1
donta5k0kay,Reasonable_Mess_3327,reply,1
fjb_fkh,Reasonable_Mess_3327,reply,1
ReceptionOwn9686,Reasonable_Mess_3327,reply,1
Historical-Web-6435,Reasonable_Mess_3327,reply,1
InfoCruncha,Reasonable_Mess_3327,reply,1
Moneyshot1311,Reasonable_Mess_3327,reply,1
pendingKill,Reasonable_Mess_3327,reply,1
peterman86,Reasonable_Mess_3327,reply,1
ThEpOwErOfLoVe23,Reasonable_Mess_3327,reply,1
BucDan,Reasonable_Mess_3327,reply,1
MRJSP,Reasonable_Mess_3327,reply,1
gaz3028,Reasonable_Mess_3327,reply,1
Notmyrealname7543,Reasonable_Mess_3327,reply,1
ACLU_EvilPatriarchy,Reasonable_Mess_3327,reply,1
dekciwandy,Reasonable_Mess_3327,reply,1
niewphonix,Reasonable_Mess_3327,reply,1
TheDolphinSings,Reasonable_Mess_3327,reply,1
xXxPlasterXxX,Reasonable_Mess_3327,reply,1
your_nitemare04,roscoe_e_roscoe,reply,1
your_nitemare04,Reasonable_Mess_3327,reply,1
maybejdcpa,Reasonable_Mess_3327,reply,1
DiscussionBeautiful,Reasonable_Mess_3327,reply,1
Obfuscious,Reasonable_Mess_3327,reply,1
bubbletoes69,Reasonable_Mess_3327,reply,1
moteur_modfie,Reasonable_Mess_3327,reply,1
Alekillo10,Reasonable_Mess_3327,reply,1
jasont80,Reasonable_Mess_3327,reply,1
Elevation0,Reasonable_Mess_3327,reply,1
KingBoo919,Reasonable_Mess_3327,reply,1
NukeouT,Reasonable_Mess_3327,reply,1
green-Vegan-desire,Reasonable_Mess_3327,reply,1
andywfu86,Reasonable_Mess_3327,reply,1
andywfu86,theoreoman,reply,1
andywfu86,InfoCruncha,reply,1
andywfu86,SatanicWhoreofHell,reply,1
andywfu86,BucDan,reply,1
Sososkitso,Reasonable_Mess_3327,reply,1
roscoe_e_roscoe,Reasonable_Mess_3327,reply,1
Srenler,Reasonable_Mess_3327,reply,1
krushgruuv,Reasonable_Mess_3327,reply,1
-IAmNo0ne-,Reasonable_Mess_3327,reply,1
ghezzid,Reasonable_Mess_3327,reply,1
illumin8ted72,Reasonable_Mess_3327,reply,1
FPzzzzzzz,Reasonable_Mess_3327,reply,1
Cool_Cartographer_39,Reasonable_Mess_3327,reply,1
fcampos82,Reasonable_Mess_3327,reply,1
Sufficient_Article_1,Reasonable_Mess_3327,reply,1
monchichi025,Reasonable_Mess_3327,reply,1
meechu,Reasonable_Mess_3327,reply,1
popsathome,Reasonable_Mess_3327,reply,1
SatanicWhoreofHell,Reasonable_Mess_3327,reply,1
OK_Tha_Kidd,Reasonable_Mess_3327,reply,1
barbie91,Reasonable_Mess_3327,reply,1
BrokenGBAX,kyot0scape,reply,1
Retroplayer19,Notmyrealname7543,reply,1
SimonNicols,theoreoman,reply,1
DarkCeldori,theoreoman,reply,1
presaging,Notmyrealname7543,reply,1
ConnectionBubbly3306,Notmyrealname7543,reply,1
infinight888,Reasonable_Mess_3327,reply,1
PM_ME_UR_COCKTAILS,Earthbjorn,reply,1
weknow_,Earthbjorn,reply,1
iheartfreespeech,Earthbjorn,reply,1
Interesting-Pay3492,Retroplayer19,reply,1
encinitas2252,Retroplayer19,reply,1
HardCounter,pexx421,reply,1
Metalgrowler,Reasonable_Mess_3327,reply,1
timtexas,Reasonable_Mess_3327,reply,1
SneakyMOFO,Reasonable_Mess_3327,reply,1
phoneacct696969,Reasonable_Mess_3327,reply,1
BewilderedParsnip,Reasonable_Mess_3327,reply,1
AriusAeternus,Reasonable_Mess_3327,reply,1
Ndnola,Reasonable_Mess_3327,reply,1
KobaWhyBukharin,Reasonable_Mess_3327,reply,1
mduden,Reasonable_Mess_3327,reply,1
JackAzzz,Reasonable_Mess_3327,reply,1
slowburningrage,Reasonable_Mess_3327,reply,1
Odyssey113,Reasonable_Mess_3327,reply,1
TheRealWatermelon420,Reasonable_Mess_3327,reply,1
turtlecrossing,Reasonable_Mess_3327,reply,1
Lost_Sky76,Reasonable_Mess_3327,reply,1
MotoGeno,Reasonable_Mess_3327,reply,1
Zealousideal_Jump990,Reasonable_Mess_3327,reply,1
wildyam,Reasonable_Mess_3327,reply,1
Telemarketman,Reasonable_Mess_3327,reply,1
demotivater,Reasonable_Mess_3327,reply,1
PhilosophicalCowboy,Reasonable_Mess_3327,reply,1
tiamandus,Reasonable_Mess_3327,reply,1
NarrowHamster7879,Reasonable_Mess_3327,reply,1
hunterBcrackheadpedo,Reasonable_Mess_3327,reply,1
ex0br0,Reasonable_Mess_3327,reply,1
ElIVTE,Reasonable_Mess_3327,reply,1
buffaloBob999,Reasonable_Mess_3327,reply,1
paranoidandroid303,Reasonable_Mess_3327,reply,1
Iamgoblindoggo,Reasonable_Mess_3327,reply,1
No-Tonight-7867,Reasonable_Mess_3327,reply,1
guardedDisruption,Reasonable_Mess_3327,reply,1
craigcoffman,Reasonable_Mess_3327,reply,1
the_truth1051,Reasonable_Mess_3327,reply,1
MrSssnrubYesThatllDo,Reasonable_Mess_3327,reply,1
Not_Reddit,Reasonable_Mess_3327,reply,1
Acanony,Reasonable_Mess_3327,reply,1
DollaQT,Reasonable_Mess_3327,reply,1
Healthy_Scientist984,Reasonable_Mess_3327,reply,1
PersonalBuy0,Reasonable_Mess_3327,reply,1
RedditAdministrateur,Reasonable_Mess_3327,reply,1
Bratwurzt_33,Reasonable_Mess_3327,reply,1
WalnutNode,Reasonable_Mess_3327,reply,1
BillyFNbones710,Reasonable_Mess_3327,reply,1
BurtReynoldsLives,Reasonable_Mess_3327,reply,1
Psykloned,Reasonable_Mess_3327,reply,1
tatorflowers,Reasonable_Mess_3327,reply,1
NotNotAnOutLaw,Reasonable_Mess_3327,reply,1
Even-Ad-6783,Reasonable_Mess_3327,reply,1
PrecipitationInducer,Reasonable_Mess_3327,reply,1
nolefty,Reasonable_Mess_3327,reply,1
noneofthismatters666,Reasonable_Mess_3327,reply,1
FiniteLuckWithAmmo,Reasonable_Mess_3327,reply,1
BThriillzz,Reasonable_Mess_3327,reply,1
JazzlikeSkill5201,Odyssey113,reply,1
JazzlikeSkill5201,Reasonable_Mess_3327,reply,1
cpujockey,Reasonable_Mess_3327,reply,1
RenderlessSoftware,Reasonable_Mess_3327,reply,1
NUFIGHTER7771,Reasonable_Mess_3327,reply,1
Original_Roneist,Reasonable_Mess_3327,reply,1
Ok_Bed9763,Reasonable_Mess_3327,reply,1
Boomslang505,Reasonable_Mess_3327,reply,1
sumbuddy4u,Reasonable_Mess_3327,reply,1
Gullible_Method_3780,Reasonable_Mess_3327,reply,1
Kgr718,Reasonable_Mess_3327,reply,1
edWORD27,Reasonable_Mess_3327,reply,1
dcrico20,-IAmNo0ne-,reply,1
dcrico20,BewilderedParsnip,reply,1
Softale,timtexas,reply,1
bostonguy6,timtexas,reply,1
Important_Tip_9704,phoneacct696969,reply,1
iDrinkRaid,phoneacct696969,reply,1
RuportRedford,phoneacct696969,reply,1
MsV369,phoneacct696969,reply,1
MsV369,BewilderedParsnip,reply,1
MsV369,KobaWhyBukharin,reply,1
AmazingRok,phoneacct696969,reply,1
LoadLimit,KobaWhyBukharin,reply,1
Prestigious_Low8515,Odyssey113,reply,1
